prompt,completion
【お知らせ|更新情報|推奨環境】2023.1.11　【重要】コンテンツ閲覧側（スマートフォン）の推奨ブラウザ変更のお知らせ,"貴社内でキュリアコンテンツ閲覧時の注意事項や利用方法などを
まとめていただいた資料やWebサイトをご用意いただいている場合、
大変お手数おかけしますが、推奨ブラウザの記載に修正をお願いいたします。
＜変更内容＞
キュリアのコンテンツ閲覧側（スマートフォン）の
推奨ブラウザの種類を変更します。
＜変更理由＞
iPhoneはSafariが元々標準ブラウザとしてインストールされております。
また、ここ数年に発売されたAndroid端末は
Chromeが元々標準ブラウザとしてインストールされており、
ユーザーの多くがメインのブラウザとして利用しております。

そのため、昨今のモバイルブラウザのシェア率を鑑みて
シェア率が上位のブラウザを中心に開発を行い、
OSやブラウザのアップデートに対応できるよう開発スピードを高めるため
変更することになりました。
＜変更日＞
2023年4月より
＜現在の推奨ブラウザ＞
Safari,Chrome,Firefox,Edge

↓
＜変更後の推奨ブラウザ＞
iOS： Safari（iPhone標準ブラウザ）
Android OS：Chrome（Android標準ブラウザ）
※共に最新バージョンをご利用ください。
＜変更に関してのQ＆A＞
Q1.非推奨ブラウザを利用しコンテンツにアクセスした場合どうなりますか？
A1.非推奨ブラウザでアクセスしていることがシステムが感知できた場合、
　標準ブラウザで表示をお願いするアラートが表示されます。

 
Q2.非推奨ブラウザでコンテンツは動作しますか？
A2.閲覧画面に表示されるボタンが正常に動作しなかったり、
　画像、動画の表示が崩れるなどの不都合が生じる可能性があります。


Q3.コンテンツ作成画面側（パソコン）の推奨ブラウザに変更はありますか？
A3.変更はありません。Chrome、FireFoxの最新バージョンをご利用ください。"
【お知らせ|ギフト】2023.1.11　【エラー報告】ギフトコンテンツでフッターを削除する場合の注意点,"対象コンテンツ
ギフトで作成したフォームコンテンツ
現象の詳細
コンテンツのテンプレート設定でフッターを削除した場合、
公開側のフォームコンテンツで、回答内容入力後に送信ボタンが出現せず
送信完了ができない現象が発生しております。

回避方法
フッターを削除せずにご利用いただければ、
正常にフォームの送信が完了できます。
初期設定のままフッターを表示してご利用ください。
※フッター内容を編集した場合でも、正常にフォームの送信は可能です。


改修完了時期について
改修の開発に着手しております。
実装時期を調整している段階です。"
【お知らせ|整理券】2023.1.26　整理券コンテンツ新規作成停止のお知らせ,"平素より弊社サービスをご利用いただき、誠にありがとうございます。
この度、大規模改修を行うため整理券コンテンツの新規作成を停止いたします。
下記の通りお知らせいたします。
何卒ご理解を賜りますようお願い申し上げます。
対象プラン
ビジネス、ベーシックプラン
対象コンテンツ種類
整理券

整理券コンテンツについては以下をご確認ください。
https://tayori.com/faq/0907e81a5504cfabd50c758d690d70abbc4a280b/category/6d00e71377721b19d01e39233d5ff60bd900d0cb/
対応内容
整理券コンテンツの新規作成を停止します。
停止日
2023年2月上旬を予定しております。
追記：2023年2月13日に停止いたしました。
再開時期
改修スケジュール調整後に確定しましたらお知らせします。
停止理由
整理券コンテンツの仕様の見直しと、
運用ケースによってはエラーが発生しご迷惑おかけしてしまうため、
新規作成を停止し改修作業を行うこととなりました。

実際に整理券コンテンツを運用いただく中で、
お客様が想定される企画での運用が難しいという
お声をいただくことが多々ございました。

列に並んでいる方が順番にQRコードをかざして整理券を発行する想定で
システム設計、テストを行いベータ版としてリリースしております。

一方で実際に整理券コンテンツをご活用いただく中で、
一斉に複数人が同時にQRコードをかざし
整理券を発行する運用を行うケースがございました。
一斉に複数人が同時に整理券発行を行なった場合に
エラーが発生する可能性があり
ご契約社様とコンテンツ利用者様にご迷惑おかけすることとなりますので、
新規作成を一旦停止いたします。
作成済みコンテンツについて
作成済みコンテンツに関してましては引き続きご利用いただけます。
運用ケースに注意してご利用いただきますようお願い申し上げます。"
【お知らせ|重要】2023.3.13【重要・復旧済み】QR生成がうまくいかないエラーが発生しております。,"~~2023年03月06日
制作サーバー不安定によりQR作成がうまくいかない場合があり、大変ご迷惑おかけしております。
※デザインソフトで背景設定可能なQRコード作成への影響はございません。~~

~~2023年3月7日
新規コンテンツ生成に関しては解消しましたが、
・QRダウンロード時のエラー
・複製がうまくいかないエラー
を確認しております。~~

~~2023年3月9日
一部コンテンツを除き、QRファイルのダウンロードエラーを解消しております。~~

~~【対象コンテンツ】
・スマホサイト
・キャンペーン系（クーポン、ガチャ、くじ、スクラッチ、福引、ルーレット、スロット）
・外部リンク
・フォーム
・通常ギフト
・ドットレスQR1枚~~

~~【詳細】
スタンプラリー、スタンプカード、バリアブルQRは、
現在も引き続き改修作業中です。
ご迷惑をお掛けし誠に申し訳ございません。~~

~~※既に作成済みのコンテンツへの影響はございません。
※QRエラーが起きたコンテンツは、エラー解消後に改めて制作し直していただきますようお願いいたします。~~

2023年3月13日
QR生成時にエラーが出る現象ですが、全てのコンテンツにて解消いたしました。
現在は通常通りご利用いただけます。

この度は、大変ご迷惑をおかけしましたことを深くお詫び申し上げます。
今後とも何卒よろしくお願い申し上げます。
"
【更新情報】2023.3.1【アップデート情報】整理券コンテンツの新規作成を停止しました,"不具合改修
対象コンテンツ：スタンプラリー
詳細：リンクブロックの設定時にテキストを選択するとURLが無効になる現象を改修しました。
仕様変更
対象コンテンツ：整理券
詳細：整理券コンテンツの新規作成を停止しました。

別ページでご説明しております。
こちらをご参照ください。
https://tayori.com/faq/0907e81a5504cfabd50c758d690d70abbc4a280b/detail/b74e0e4bf0ca1c2e0c9545a623bdfe6b43ea653b/

ーーーーーーーーーーーーーーーーーーーーーーーーーーーーーーーーー
対象コンテンツ：外部リンク以外の全コンテンツ
詳細：非推奨ブラウザでアクセス時のアラートメッセージを変更しました。

＜推奨ブラウザ＞
iOS： Safar（iPhone標準ブラウザ）
Android OS：Chrome（Android標準ブラウザ）
※共に最新バージョンをご利用ください。
"
【お知らせ|重要】2023.4.3【重要・復旧済み】QR生成がうまくいかないエラーが発生しております。,"2023年4月3日
QR生成時にエラーが出る現象ですが、全てのコンテンツにて解消いたしました。
現在は通常通りご利用いただけます。

この度は、大変ご迷惑をおかけしましたことを深くお詫び申し上げます。
今後とも何卒よろしくお願い申し上げます。

~~制作サーバー不安定によりQR作成がうまくいかない場合があり、大変ご迷惑おかけしております。~~

~~※既に作成済みのコンテンツへの影響はございません。~~
~~※デザインソフトで背景設定可能なQRコード作成(ギフトのみ)への影響はございません。~~

~~緊急でコンテンツが必要な場合は、以下ページの運用回避策を参考にいただけますと幸いです。~~
https://tayori.com/faq/0907e81a5504cfabd50c758d690d70abbc4a280b/detail/c01dca7b94b5ceae765682f27bea9206e47c2747/"
【更新情報|重要】2023.4.24更新【運用回避策】QR作成エラーがでたときの運用回避策について,"
■新たにコンテンツを用意したい場合（全プラン）
現在利用していないコンテンツを編集し、再利用をお願い致します。
作成済みコンテンツに関して、コンテンツ部分の編集が可能です。
もし、利用していないコンテンツがございましたら、
編集していただき、コンテンツの再利用にて、コンテンツをご用意いただけますでしょうか。
※注意点
・QRコードの背景・URLが再利用前のコンテンツのままとなります。
・再利用前のコンテンツのログが必要な場合は、お手数ですが編集前に保存をお願いします。
■ギフトコンテンツを利用し新たにガチャコンテンツを作成する方法
対応プラン：ビジネスプラン、ベーシックプラン

URL設定画面にて、“デザインソフトで背景設定可能なQRコード“を選択し作成いただきますと、QR含めコンテンツを通常通り作成いただけます。

ギフトコンテンツにて、ガチャを作成可能です。

※注意点
・二段階抽選機能はご利用いただけません。
・お客様デザインソフトを利用し背景画像とQRコードを合成お願いいたします。
■ドットレスQRを作成し外部リンクを設定し任意のURLに遷移させる方法
対応プラン：ビジネスプラン、ベーシックプラン
URL設定画面にて、“デザインソフトで背景設定可能なQRコード“を選択し作成いただきますと、QR含めコンテンツを通常通り作成いただけます。
その中で、ドットレスQRを1枚のみ生成しコンテンツ種類を「外部リンク」に設定します。

その後、外部リンク先のURLを設定します。
URLは後から変更可能です。
QRコード生成が最優先の場合、任意のURLを設定しQRコード生成を完了させ
後ほどキュリア管理画面内で遷移させたいコンテンツを作成した後に
外部リンクのURLを変更しご対応ください。

※注意点
・お客様デザインソフトを利用し背景画像とQRコードを合成お願いいたします。

別ページでご説明しております。
こちらをご参照ください。
https://tayori.com/faq/0907e81a5504cfabd50c758d690d70abbc4a280b/detail/8f07fb198c192523ca5f0aa7c1ae5770fef72051/
QRコード生成時にエラーが発生しており、ご不便をおかけし申し訳ございません。
復旧に向けて対応しております。
緊急でコンテンツが必要な場合は、以下ページの運用回避策を参考にいただけますと幸いです。"
2023.4.4【アップデート情報】ホームアイコン追加時のタイトル変更が可能になりました,"不具合改修
コンテンツのテンプレート設定でフッターを削除した場合、
公開側のフォームコンテンツで、回答内容入力後に送信ボタンが出現せず
送信完了ができない現象を改修いたしました。
仕様変更
ホームアイコン追加時のタイトル表示を「QLEAR」から
SEOタイトルで設定した内容を表示させるように変更しました。

フォームの送信完了画面に設定した画像リンクの表示範囲が広くなり
画像を大きく表示できるようになりました。"
【新機能|更新情報】2023.4.7【アップデート情報】ドットレスQR（1枚生成）の対象コンテンツに「外部リンク」が追加されました,"仕様変更
【ドットレスQR（1枚生成）】
ギフトコンテンツのみでした対象コンテンツ種類に「外部リンク」が追加されました。

別ページでご説明しております。
こちらをご参照ください。
https://tayori.com/faq/0907e81a5504cfabd50c758d690d70abbc4a280b/detail/8f07fb198c192523ca5f0aa7c1ae5770fef72051/"
【新機能】2023.4.12【アップデート情報】フォトフレームコンテンツがリリースされました,"新機能
フォトフレームコンテンツが作成できる機能が追加されました。

別ページでご説明しております。
こちらをご参照ください。
https://tayori.com/faq/0907e81a5504cfabd50c758d690d70abbc4a280b/category/69f99a76802fabc9f12faa1e529a9742a9344399/

"
【お知らせ】2023.4.12【ゴールデンウィーク休業のお知らせ】,"いつもキュリアをご利用いただきありがとうございます。
 
キュリアサポートは下記の期間は休業いたします。

【休業期間】
4月29 日（土） ? 4月30日（日）
5月3日（水） ? 5月7日（日）

上記、期間中にいただいたお問い合わせは5月8日（月）以降に順次回答させていただきます。
お客様にはご不便をおかけいたしますが、何卒よろしくお願いいたします。"
【お知らせ】2023.4.25【重要・復旧済み】QR生成がうまくいかないエラーが発生しております。,"~~制作サーバー不安定によりQR作成がうまくいかない場合があり、大変ご迷惑おかけしております。~~

~~※既に作成済みのコンテンツへの影響はございません。~~
~~※デザインソフトで背景設定可能なQRコード作成(ギフト、外部リンク)への影響はございません。~~
~~複製がうまくいかないエラーも発生しております。~~

~~緊急でコンテンツが必要な場合は、以下ページの運用回避策を参考にいただけますと幸いです。~~

~~https://tayori.com/faq/0907e81a5504cfabd50c758d690d70abbc4a280b/detail/c01dca7b94b5ceae765682f27bea9206e47c2747/~~

2023年4月25日
QR生成時にエラーが出る現象ですが、全てのコンテンツにて解消いたしました。
現在は通常通りご利用いただけます。

この度は、大変ご迷惑をおかけしましたことを深くお詫び申し上げます。
今後とも何卒よろしくお願い申し上げます。"
【お知らせ】2023.4.27 これまでのアップデート情報まとめ,"2021年?2023年4月までに行ったキュリアのアップデート情報をまとめております。
■2023年
4月　 フォトフレームコンテンツ追加
          ドットレスQRに外部リンクコンテンツ追加
          ホームアイコン追加時のタイトル変更が可能に

■2022年
3月　 ゴミ箱機能追加
　　  オープニング動画機能追加

4月　 サンキューメール機能追加

5月　 スライド型スマホサイト機能追加

6月　 複製機能

8月　 スタンプカード機能追加

■2021年
1月　 LINEアプリ読込み対応
　　   フォームAPI機能
　　   スタンプラリーコンテンツ追加

3月　 Google&Apple サインイン機能の実装

6月　 クーポンの利用店舗選択機能追加
　　   ギフトコンテンツ機能追加

7月　 ログのレポート定期送信機能追加
　       フォームからのクーポンログ機能追加

8月　 二段階抽選機能の追加

9月　 タイマー機能追加

11月　ドットレスQR作成/バリアブル機能追加

これからもキュリアをご利用いただいているお客様の声を大切に、新たな価値を提供できるようバージョンアップに努めてまいります。"
【お知らせ】2023.5.11 システムエラーが発生した場合の対象方法,"2023年5月11日の早朝より、システムエラーが発生している環境があることを確認しております。
ご迷惑をおかけし申し訳ございません。
現在はサーバーの状況が安定しており、システムエラーは解消いたしました。

現在もシステムエラーが確認できる環境ではブラウザのキャッシュなどが原因になっている可能性がございます。
下記の方法をお試しいただき正常にアクセスできるかお試しください。

?ブラウザの更新を行う
「更新ボタン」で解消されない場合、スーパーリロード（強制再読み込み）もお試しください。
■スーパーリロード（強制再読み込み）方法
http://www.netyasun.com/browser/reload.html

?別のブラウザを利用しアクセスを行う"
2023.5.30 【アップデート情報】キャンペーン規模の項目が追加されました,"対象コンテンツ種類
ギフト
フォーム
スタンプラリー
整理券

※ガチャなどのキャンペーンコンテンツや他コンテンツ種類にも順次反映しています。
詳細
キュリアのコンテンツ全体が安定的に運用できるよう、キャンペーンの規模感を弊社でも把握できるようにするために設定項目を追加いたしました。
コンテンツ詳細内にキャンペーン規模の「開催期間」「見込み瞬間アクセス数」をそれぞれ選択してください。
概算で構いません。
"
2023.6.15 【アップデート情報】GA4対応のログ（新GA）がリリースされました,"詳細
GA4に対応した「ログ（新GA）」がリリースされました。
従来のログ解析で利用している、ログ（GA）とログ（新GA）は解析方法が異なります。

Google側の運用に伴い、ログ（GA）で利用している
ユニバーサルアナリティクスは2023年6月末にサポートが終了するため、キュリアのログもGA4に移行することになりました。
キュリアでは2023年4月20日よりログ（新GA）でGA4でのログ集計を行なっております。
**ログ（GA）とログ（新GA）の違い**

別ページでご説明しております。
こちらをご参照ください。
https://tayori.com/faq/0907e81a5504cfabd50c758d690d70abbc4a280b/detail/f1edf4803dac977fa82c0851ed8df6cba27b7f26/"
【推奨環境|初めての方へ】推奨環境について,"スマホ利用が前提となっており、各OSの標準ブラウザを推奨しております。

Android：Chromeアプリ 
iOS：Safariアプリ

※最新版をご利用ください。


ユーザー利用時の推奨環境
キュリアコンテンツ制作担当の推奨ブラウザ

"
【素材・資料|初めての方へ|NFC|事例】事例・素材集サイトについて,"キュリアコンテンツ用素材・活用事例集
**対象：ビジネス･ベーシック･スタンダードプラン**

素材やキュリア活用事例集などの各種資料をダウンロードいただけます。
ダウンロードした素材はキュリア編集画面で差し替えてご使用いただけます。

**営業資料、事例サイト**
https://qlear.stores.jp/

パスワードは毎月メールでお送りしておりますのでご確認ください。
ご契約者様で、パスワード案内メールの送付先追加希望の場合は
キュリアサポートまでご連絡ください。
https://qlear.cloud/contacts/new



***

NFCタッチマーク素材
※以下より画像をダウンロードいただき、加工編集しご利用いただけます。
https://qlear.cloud/s_sample/sozai
キュリア採用事例
キュリア活用事例のインタビューを掲載しております。
https://qlear.cloud/media/case

***"
【初めての方へ|サンプル】コンテンツサンプル集,"https://qlear.cloud/s_sample/sample_slide

コンテンツ種類：スマホサイト（スライド型）
テンプレート編集で追加・編集可能なブロックをすべて盛り込んだサンプルサイトです。
***
https://qlear.cloud/s_sample/sppage

コンテンツ種類：スマホサイト（標準）
テンプレート編集で追加・編集可能なブロックをすべて盛り込んだサンプルサイトです。
***

https://qlear.cloud/s_sample/recruit

コンテンツ種類：スマホサイト（標準）＋フォームを紐付け
動画や地図なども埋め込んだ採用LPが簡単に作成可能です。
***
https://qlear.cloud/s_sample/answer1


コンテンツ種類：フォーム+クーポンコンテンツを紐付け
***
https://qlear.cloud/s_sample/lose2

コンテンツ種類：ガチャ+はずれ設定画面でフォームコンテンツを紐付け
***
【スマホサイト（スライド型）サンプルサイト】
【スマホサイト（標準）　サンプルサイト】
【採用サイト＋フォーム　サンプルサイト】
【アンケート回答特典でクーポン　サンプルサイト】
【ハズレてもアンケートに回答でクーポンGET　サンプルサイト】
【クーポン＋抽選　サンプルサイト】
https://qlear.cloud/s_sample/1Challenge

コンテンツ種類：スマホサイトに別途作成したキュリアのフォームと、ガチャを紐付け
***
【注意事項+抽選リンク　サンプルサイト】
https://qlear.cloud/s_sample/caution1

コンテンツ種類：スマホサイトにガチャを紐付け。
スマホサイトにガチャに関する注意事項を記載し、読んだ頂いた後ガチャに進んで頂く仕組み。
***
【フォトフレーム　サンプルサイト】
https://qlear.cloud/s_sample/photoframe

コンテンツ種類：フォトフレーム"
【初めての方へ||サンプル】キュリア・一覧,"キュリアで作成できるコンテンツ一覧
**?スマホサイト**
標準型：https://tayori.com/faq/0907e81a5504cfabd50c758d690d70abbc4a280b/detail/514276fb2381fb2a4d82a175f926eaed441210f8/

スライド型：https://tayori.com/faq/0907e81a5504cfabd50c758d690d70abbc4a280b/detail/09458796bf2a151e29608bbf8d2d63a0ad1bcc13/

**?キャンペーン（クーポン、ガチャ、くじ、スクラッチ、福引、ルーレット、スロット）**
https://tayori.com/faq/0907e81a5504cfabd50c758d690d70abbc4a280b/detail/edd094ecd484515c8ca8857aaa2845f0a28d22ae/

**?外部リンク**
https://tayori.com/faq/0907e81a5504cfabd50c758d690d70abbc4a280b/detail/59a977df6484a1310794d8bfad73d411d967980c/

**?フォーム**
https://tayori.com/faq/0907e81a5504cfabd50c758d690d70abbc4a280b/detail/b973c0aee89c286126d033cc0442f28785f4de1b/

**?スタンプラリー**
https://tayori.com/faq/0907e81a5504cfabd50c758d690d70abbc4a280b/detail/585fbd91b7293aeb0442cead29b890307b3405e4/

**?スタンプカード**
https://tayori.com/faq/0907e81a5504cfabd50c758d690d70abbc4a280b/detail/f9f939b55e487f929cb6783b06079f097cb6311b/

**?ギフト（ガチャ）**
https://tayori.com/faq/0907e81a5504cfabd50c758d690d70abbc4a280b/detail/188950705c64b99bdf3ca24ded487436ea94dc0b/

**?整理券**
https://tayori.com/faq/0907e81a5504cfabd50c758d690d70abbc4a280b/detail/494ed8478e0293b5381a29257f050600828c6065/

**?フォトフレーム**
https://tayori.com/faq/0907e81a5504cfabd50c758d690d70abbc4a280b/category/69f99a76802fabc9f12faa1e529a9742a9344399/

***"
【初めての方へ|商標】商標・登録商標について,"当ウェブサイト上に掲載されている株式会社ミリアド
ならびに第三者の商品またはサービスの名称等は、
各社の商標または登録商標です。

※QRコードは株式会社デンソーウェーブの登録商標です。
※LINEは、LINE株式会社の商標または登録商標です。
※iOS商標は、米国Ciscoのライセンスに基づき使用されています。
※「Google Chrome」、「Android」、「Chrome」、「YouTube」、
　「YouTubeロゴ」、「Google Analytics」は、
　Google LLCの商標または登録商標です。
※Appleは、米国および他の国々で登録されたApple Inc.の商標です。"
【初めての方へ|個人情報】プライバシーポリシーについて,"プライバシーポリシーの詳細は以下をご確認ください。

**株式会社ミリアド　個人情報保護方針**
https://qlear.cloud/privacy_policy"
【初めての方へ|約款】利用規約について,"利用規約の詳細は以下をご確認ください。

**ソフトウェア共通約款**
https://qlear.cloud/rules"
【初めての方へ|重要|推奨環境】キュリア知識集,"キュリアコンテンツの制作・運用にご活用いただけるよう
キュリアに関する情報をピックアップしました。
※クッキーが利用できる環境前提です。
【QRコードの読み込み方法について】
■iPhone
標準アプリの「カメラ」を起動し、QRコードをスキャンください。
※コントロールセンターの「QR読み取り機能」は使用しないでください。
（クッキーでの制御ができないため）



■Android
iPhoneと違いメーカーが複数あるため、端末により読込み方法が異なります。
カメラアプリでスキャンまたはQR読込みアプリにてQRコードをスキャンください。
***

【NFCの読込み方法について】
細かい仕様は端末によって違いますが代表的な方法を紹介します。

■iPhone
iPhone XS以上：スマートフォンのNFC読込み箇所をNFCシールに近づけてください。
iPhone7以上：コントロールセンターのNFC読込みを起動し、NFCシールに近づけてください。

■Android
NFC対応端末：スマートフォンのNFC読込み箇所をNFCシールに近づけてください。

※NFC機能をOFFにしている場合はONへ
※NFC非対応端末には対応していません。

【QRコード作成について】
2種類ございます。

**■キュリアサービス内でデザインQRを作成する方法**
背景画像をアップし、簡易的に作成可能です。
最大アップロードサイズ：20MB

**■デザインソフト等であとから背景画像を合成加工する方法**
デザインソフトで背景設定可能なQRコードが作成できます。
PNG形式・SVG形式にて出力可能です。

※QRコードが読み込みにくい背景もございますので必ず動作テストをお願い致します。

【コンテンツの制御について】
【コンテンツ制作/編集設定について】
【パスコードコンテンツについて】
【アラートについて】
【ログについて】
【キュリアコンテンツ利用想定・キャンペーン規模について】
【システムセキュリティについて】
【オプション費用（税抜）について】
【システムメンテナンスについて】

制御方法は4種類ございます。

**■クッキーで制御**
WEBブラウザアプリ内の保存領域であるクッキーを利用し、
抽選可否や抽選結果を保存します。

保存日数（1日＝抽選実行から24時間後）をコンテンツ制作時に指定できます。
※ユーザーがクッキー保存できない環境での閲覧や
　クッキーを削除する行為が発生した場合、正常に情報が保存読込みできず、
　未抽選者扱いとなります。

クッキーが利用できない主なケースについて
・コントロールセンターのQR機能を利用しQRコードを読み込む（iOS）
・ユーザー側でシークレットモードまたはプライベートブラウズを利用
　（iOS/Android）
・QRコード読込みアプリのアプリ内ブラウザでURLを表示している
　（iOS/Android）


**■ログインIDで制御**
Apple ID、Google ID、LINE IDの3種類でのログイン機能を付与できます。

ログインIDを利用し、抽選可否や抽選結果を保存します。
コンテンツ利用の前にログインしていただく必要があります。

対象コンテンツ：ギフト、スタンプラリー、スタンプカード


**■パスコードで制御**
パスコード機能を付与できます。
パスコードを利用し、抽選可否や抽選結果を保存します。
事前に配布された個々のパスコードを入力していただく必要があります。

対象コンテンツ：キャンペーン、フォーム


**■バリアブルQRで制御**
個々にQRコード（URL）を作成できます。
QRコード（URL）ごとに、抽選可否や抽選結果を保存します。

対象コンテンツ：ギフト

***
■クッキー日数設定（制御）0日について
この設定は、お客様へのサンプル提供や社内検証用を想定した設定値です。
結果がクッキーへ保存されないため、
何度もコンテンツへアクセス・実行が可能です。

■公開中のコンテンツのあたり設定変更について（枚数リセット機能について）
公開（運用）中のコンテンツはあたり設定を基本的には変更できません。

変更する場合は、あたり設定画面にあるリセット機能を利用し、
あたり設定をリセットください。
リセットを行うと取得済みクーポンやログに関してもリセット（剥奪）
されるため特に注意をお願い致します。

**枚数リセットの詳細はこちら**
https://tayori.com/faq/0907e81a5504cfabd50c758d690d70abbc4a280b/detail/6681edb350791811a1ee7e2eb99681b4719bf441/

***
■パスコードが機能する範囲について
パスコード直下のコンテンツに限り影響します。

パスコード機能→フォームコンテンツ→抽選コンテンツと連携した場合、
パスコードを入力しないと閲覧できないコンテンツは、
フォームコンテンツのみです。
（機能するのはパスコード直下にあるコンテンツです。）

※パスコード設定可能数：コンテンツ全体で5万件まで（オプションで追加可能）

***
■推奨ブラウザ以外を利用時のアラート
推奨ブラウザではないとシステムが判断できる場合、
非推奨ブラウザである旨のアラートを表示します。
（アラートが出るブラウザではコンテンツ利用はできません。）

推奨ブラウザ：Safari（iOS）、Chrome（Android）

■iOS利用のアラート
コントロールセンターのQR機能を利用しQRコードを読み込む（iOS）場合、
キュリアコンテンツ制御の１つであるクッキーを保存させない仕様が
iOS側であります。

コンテンツが制御できなく何度も抽選されてしまうトラブルを少なくするため、
Safariブラウザでコンテンツを展開してほしい旨のアラートを表示します。
またコントロールセンターのQR機能を利用したアクセスかどうかを
判別することができないため、iOSでの利用に関して
全てアラートを表示しています。

※iOSバージョンにより表示可否が発生しており現在最新OS等で調査中でございます。

***
キュリアで確認いただけるログは2種類ございます。

■キュリア独自に取得しているログ
フォーム回答内容や、キャンペーン類の結果ログ等が対象です。
実数値を表示しております。
※アクセス後、即時反映されます。

■グーグルアナリティクスにて取得しているログ
PVやUUなどサイトアクセス情報などが対象です。
Google社独自の指標により精査されたログとなりますため
参考ログとしてご活用ください。

※グーグル社の判断により取得されにくいログ項目もございます。
※アクセスから約48時間後に反映されます。

**ログの詳細はこちら**
https://tayori.com/faq/0907e81a5504cfabd50c758d690d70abbc4a280b/category/02c45b900243a7da75048b0173ed3e8ad410c84a/

***
キュリアは大規模企画の実績もございますが、
小規模から中規模のキャンペーンを想定しシステムを組んでおります。

月間PV数の制限等もございますので、
キャンペーン参加数が多く見込まれる企画、
大量アクセスや集中アクセスが予想される企画等を検討される際は、 
事前に弊社までご相談をお願いいたします。

**キュリアコンテンツ利用想定一覧の詳細はこちら**
https://tayori.com/faq/0907e81a5504cfabd50c758d690d70abbc4a280b/detail/0522685bc7536d572cf30796a4427cf1bb248cb6/
弊社にて取りまとめたセキュリティシートのデータを
ご希望のご契約者様へお渡ししております。

シートが必要なお客様へお渡ししていただき、
ご確認いただきますようお願い致します。
**※セキュリティに関するシートとなりますため
他WEBサイト等への掲載はお控えお願い致します。**

***
NFC追加、パスコード追加、月間PV数増設、月間PV数増設など、
詳細はサポートへご連絡ください。
https://qlear.cloud/contacts/new
キュリア管理画面、ユーザー画面（運用中コンテンツ）を停止し、
メンテナンスをさせていただくことがございます。
管理画面、ユーザー画面ともにメンテンナス中である旨の
アラートページを表示し実施致します。

サーバーメンテナンスの際は、基本的な時間は深夜帯を予定ししており
10日前までにメールにてご連絡いたします。
※緊急メンテナンス時は状況に応じて対応

***
【キュリアコンテンツ表示方法の確認（PDF）】
↓ダウンロードしてご利用いただけます。
***
***
***"
【初めての方へ】キュリアコンテンツ利用想定一覧,"キュリアで製作可能な各コンテンツの、利用イメージについてまとめました。

いずれのコンテンツも、大規模利用が予想される場合は
事前に以下情報を添えてキュリアサポートまでご相談をお願いいたします。
https://qlear.cloud/contacts/new


1. 利用予定のコンテンツ種類（例：ガチャ、ギフト、スタンプラリーなど）
2. イベント実施日時、期間
3. 予定参加者数
4. 下記項目の該当項目


PDFファイルは以下よりダウンロードください。
【コンテンツ利用想定表（PDF）】
　A.同時刻に一斉に同じQRコード（コンテンツURL）にアクセスする可能性がある
　B.複数箇所に同じQRコードを多数配置し、アクセスが集中する可能性がある
　C.メールなどでコンテンツURLを一斉配布しアクセスが集中する可能性がある

***"
【スマホサイト】【標準】,"追加できるブロック
・フッター
https://tayori.com/faq/0907e81a5504cfabd50c758d690d70abbc4a280b/detail/a602d99d18360c233858bbbcd27324d108ba77eb/

・テキストエリアブロック
https://tayori.com/faq/0907e81a5504cfabd50c758d690d70abbc4a280b/detail/b2b908d2251566f3316bde7058a3620570c58f6d/

・見出し＋テキストブロック
https://tayori.com/faq/0907e81a5504cfabd50c758d690d70abbc4a280b/detail/1e2b0b3428793711a1295a15fa62d6c8ffa37350/

・リンクブロック
https://tayori.com/faq/0907e81a5504cfabd50c758d690d70abbc4a280b/detail/cb6ccc3d2f2148899aba59cd7233124f7dc7dc98/

・背景画像＋テキストブロック
https://tayori.com/faq/0907e81a5504cfabd50c758d690d70abbc4a280b/detail/7cf6e6015fd37dd23bdd6b289ded5a2e61341939/

・画像ブロック
https://tayori.com/faq/0907e81a5504cfabd50c758d690d70abbc4a280b/detail/ff127a8f22ab18da80246e2753194fb81e20cd3d/

・画像＋テキストブロック
https://tayori.com/faq/0907e81a5504cfabd50c758d690d70abbc4a280b/detail/f630125585516542ce8a32fcbc0bb0949d85f02d/

・カルーセルブロック
https://tayori.com/faq/0907e81a5504cfabd50c758d690d70abbc4a280b/detail/71d3b979cee9adff282c427bb462eb1b952dbba4/

・GIFブロック
https://tayori.com/faq/0907e81a5504cfabd50c758d690d70abbc4a280b/detail/45a6726534b008c6e15be941ef4531d3859410b1/

・YouTube
https://tayori.com/faq/0907e81a5504cfabd50c758d690d70abbc4a280b/detail/5d82318cc52bf7f88b09ecf17e7e62d839fc9ff1/

・地図
https://tayori.com/faq/0907e81a5504cfabd50c758d690d70abbc4a280b/detail/df78d38bdaa518c187b0d24738b8087abad13baa/

・SNSブロック
https://tayori.com/faq/0907e81a5504cfabd50c758d690d70abbc4a280b/detail/678e528764a2a7141a8481b6688df6ec071810d7/

・HTMLブロック
https://tayori.com/faq/0907e81a5504cfabd50c758d690d70abbc4a280b/detail/859cc60fec258a7f043e89d8a5a06fba5e7cb60b/

・キュリアコンテンツ
https://tayori.com/faq/0907e81a5504cfabd50c758d690d70abbc4a280b/detail/585b3a9071608b28ffc50a465fa4432f5896f74d/

・アプリブロック
https://tayori.com/faq/0907e81a5504cfabd50c758d690d70abbc4a280b/detail/f629d3eb231476e6530733c5baeca71db53fe21b/

スマホサイトが作成できます。ブロック単位で画像や文字を挿入し編集できます。

追加できるブロックの数は40個までになります。
※ヘッダー、フッター含む


対象プラン
全プラン
***
設定方法
スライド型の操作方法と同様です。
別ページでご説明しております。
こちらをご参照ください。
https://tayori.com/faq/0907e81a5504cfabd50c758d690d70abbc4a280b/detail/09458796bf2a151e29608bbf8d2d63a0ad1bcc13/

***"
【スマホサイト|ビジネス/ベーシックプラン】【スライド型】,"対象プラン

縦にスクロールの他に、横にスライドして閲覧できるスマホサイトが作成できます。

・ハンバーガーメニュー（三本線のメニューボタン）が設置可能です。
・1タブ（ページ）につき最大3つのブロック、最大10個のタブが作成可能です。
・メニューから、指定タブへジャンプできます。
・編集画面にプレビューボタンが搭載されています。


設定方法

追加できるブロック種類
・フッター
https://tayori.com/faq/0907e81a5504cfabd50c758d690d70abbc4a280b/detail/a602d99d18360c233858bbbcd27324d108ba77eb/

・テキストエリアブロック
https://tayori.com/faq/0907e81a5504cfabd50c758d690d70abbc4a280b/detail/b2b908d2251566f3316bde7058a3620570c58f6d/

・見出し＋テキストブロック
https://tayori.com/faq/0907e81a5504cfabd50c758d690d70abbc4a280b/detail/1e2b0b3428793711a1295a15fa62d6c8ffa37350/

・リンクブロック
https://tayori.com/faq/0907e81a5504cfabd50c758d690d70abbc4a280b/detail/cb6ccc3d2f2148899aba59cd7233124f7dc7dc98/

・背景画像＋テキストブロック
https://tayori.com/faq/0907e81a5504cfabd50c758d690d70abbc4a280b/detail/7cf6e6015fd37dd23bdd6b289ded5a2e61341939/

・画像ブロック
https://tayori.com/faq/0907e81a5504cfabd50c758d690d70abbc4a280b/detail/ff127a8f22ab18da80246e2753194fb81e20cd3d/

・画像＋テキストブロック
https://tayori.com/faq/0907e81a5504cfabd50c758d690d70abbc4a280b/detail/f630125585516542ce8a32fcbc0bb0949d85f02d/

・カルーセルブロック
https://tayori.com/faq/0907e81a5504cfabd50c758d690d70abbc4a280b/detail/71d3b979cee9adff282c427bb462eb1b952dbba4/

・GIFブロック
https://tayori.com/faq/0907e81a5504cfabd50c758d690d70abbc4a280b/detail/45a6726534b008c6e15be941ef4531d3859410b1/

・カルーセル（４分割）
https://tayori.com/faq/0907e81a5504cfabd50c758d690d70abbc4a280b/detail/ef731bea82f2828ad393d7038abe55f026a8cdc8/

・カルーセル（スライダー）
https://tayori.com/faq/0907e81a5504cfabd50c758d690d70abbc4a280b/detail/436c583297ecb261c1d5a489c8034021f6bf9903/

・YouTube
https://tayori.com/faq/0907e81a5504cfabd50c758d690d70abbc4a280b/detail/5d82318cc52bf7f88b09ecf17e7e62d839fc9ff1/

・地図
https://tayori.com/faq/0907e81a5504cfabd50c758d690d70abbc4a280b/detail/df78d38bdaa518c187b0d24738b8087abad13baa/

・SNSブロック
https://tayori.com/faq/0907e81a5504cfabd50c758d690d70abbc4a280b/detail/678e528764a2a7141a8481b6688df6ec071810d7/

・HTMLブロック
https://tayori.com/faq/0907e81a5504cfabd50c758d690d70abbc4a280b/detail/859cc60fec258a7f043e89d8a5a06fba5e7cb60b/

・キュリアコンテンツ
https://tayori.com/faq/0907e81a5504cfabd50c758d690d70abbc4a280b/detail/585b3a9071608b28ffc50a465fa4432f5896f74d/

・アプリブロック
https://tayori.com/faq/0907e81a5504cfabd50c758d690d70abbc4a280b/detail/f629d3eb231476e6530733c5baeca71db53fe21b/

ビジネス・ベーシック

***"
【スマホサイト】Step7-3. スライド設定,"設定方法


1枚のスライドにつき、最大3つのブロックを設置可能です。

ブロックを追加する前に、まずはこちらで設置数を決めてください。

杯数はスライドごとに変更可能です。


※枚数選択後、必ず「保存」ボタンを押してレイアウト設定を保存ください。

?ハンバーガーメニューとは?
スマホサイト画面右上に表示される3本線のメニューのことです。


スライドごとに、以下を変更いただけます。

・表示する・しない
・メニュー名
【表示例】


各スライドのブロック数やハンバーガーメニューが設定できます。
1.レイアウト設定
2.ハンバーガーメニュー設定"
【スマホサイト】Step7-2. 全体設定,"

スマホサイト全体に反映させる設定です。
設定方法
・背景写真　※アップロードサイズ　5MB以内
・ブロックのスタイル（サイズ・上下左右・繰り返し）
・テキストのスタイル（フォント）

"
Step7-4. アプリブロック,"

アプリのダウンロードを促す画像つきリンクが表示できます。
設定方法
画面右側の「アプリブロック修正」にて編集できます。

・各アプリURL
・アイコン画像　※アップロードサイズ　5MB以内
・ブロックのスタイル（背景色）
ios、Androidどちらかだけを表示したい場合
アプリURL欄のデフォルトで入力されているURLを消すと、表示が消えます。

"
【スマホサイト】キュリアコンテンツ,"
キュリアコンテンツブロック
作成済みコンテンツをリンクで紐付けることができます。
キュリアコンテンツの編集
画面右側の「キュリアコンテンツ修正」にて編集できます。

・Qlearコンテンツ（作成済のコンテンツから選択）
・画像・タイトル　※画像の場合アップロードサイズ　5MB以内
・リンク（キュリアコンテンツで選択したURLが反映される）
・URL（同じタブで開くか・新しいタブで開くか）
・ブロックのスタイル（パディング・ブロック幅・ブロックポジション・背景色）
"
【スマホサイト】HTMLブロック,"設定方法

画面右側、「HTMLブロックの編集」にてソースコードを編集いただけます。
※注意

■設定したソースコードはbody内に埋め込まれます。
■ソースコード設定後はご自身で動作確認を行なってください。
■「blockquote class」で始まる埋め込みコードなど、
　JavaScriptを用いた埋め込みコードには対応しておりません。

"
【スマホサイト】SNS・LINE友達登録,"
SNSブロックは2種類あります。

・SNSブロック（Twitter･LINE共有）
・LINE友達追加ブロック
※現在Facebookは対応しておりません。



画面右側の「SNSブロック修正」にて編集できます。

・共有方法（Twitter･LINEから選択）
・SNS連携時文言
・テキスト
・各アイコン画像　※アップロードサイズ　1枚につき5MB以内
・タイトルのスタイル（文字サイズ・太さ・色）
・ブロックのスタイル（背景色）
LINE友達追加ブロック設定方法

画面右側の「LINE友達追加ブロック修正」にて編集できます。

・フォーム（画像・LINE友達登録のURL）
・ブロックのスタイル（パディング・ブロック幅・ブロックポジション・背景色）
SNSブロック設定方法"
【スマホサイト】地図,"
地図ブロックは2種類あります。

**地図（住所）ブロック**････指定住所を直接入力
**地図（iframe）ブロック**････Googleマップサイトから取得したiframeコードを入力
1.地図（住所）ブロック 設定方法


画面右側の「地図（住所）ブロック修正」にて編集できます。

・フォーム（住所の入力）
・ブロックのスタイル（パディング・背景色）
2.地図（iframe）ブロック設定方法


画面右側の「地図（iframe）ブロック修正」にて編集できます。

・フォーム（iframeコードを入力）
・ブロックのスタイル（パディング・背景色）

iframeコードの取得方法は別ページでご説明しております。
こちらをご参照ください。

**地図（ifame）**
https://tayori.com/faq/0907e81a5504cfabd50c758d690d70abbc4a280b/detail/dd69ca6c7ca064ab1c7d6ef33f4cf89cd4915b8e/
"
【スマホサイト】地図(iframe),"1.Googleマップサイトからiframeコードを取得する。
手順1.Googleマップにて、埋め込み予定場所を検索し表示します。

手順2.「共有」ボタンをクリックします。

手順3.「地図を埋め込む」を選択します。

手順4.「HTMLをコピー」をクリックし、リンクをクリップボードにコピーします。

2.取得したiframeコードを入力する。
手順1.地図（iframe）ブロックの、コード入力欄に入力されているコードを削除します。

手順2.入力欄に、コピーしたコードを入力（貼り付け）します。

（入力欄で右クリックしていただき、「貼り付け」を選択すると、
先ほどコピーしたテキストを貼り付けることができます。）



手順3.「保存ボタン」をクリックし完了。
"
【スマホサイト|youtube】YouTube (iframe),"YouTubeサイトからiFrameコードを取得する方法
手順1.YouTubeにアップロードされた埋め込み予定の動画を展開し、
「共有」ボタンをクリックします。

手順2.共有方法を選択。「埋め込む」を選択します。

手順3.「コピー」ボタンをクリックし、リンクをクリップボードにコピーします。

2.取得したiframeコードを入力する。
手順1.Youtube（iframe）ブロックの、コード入力欄に入力されているコードを削除します。

手順2.入力欄に、コピーしたコードを入力（貼り付け）します。

（入力欄で右クリックしていただき、「貼り付け」を選択すると、
先ほどコピーしたテキストを貼り付けることができます。）

手順3.「保存ボタン」をクリックし完了。
"
【スマホサイト】カルーセル(スライダー),"

2枚以上10枚以下の画像+テキストのセットを横スライドで表示することができます。
画像ごとにリンク設定も可
設定方法
画面右側の「カルーセル（スライダー）」にて編集できます。

・スライダー全体の設定（見出し・パディング・画像間の余白）
・画像の添付　※アップロードサイズ　1枚あたり5MB以内
・リンク
・タイトル
・説明文（色や太さ、右寄せ・左寄せなどの変更はできません）"
【スマホサイト】カルーセル(４分割),"

1つのブロックに同時に画像を4枚表示できます。リンク設定も可
設定方法
画面右側の「カルーセル（４分割）」にて編集できます。

・画像の添付　※アップロードサイズ　1枚あたり5MB以内
・リンク
・画像の表示サイズ"
【スマホサイト】GIFブロック,"

GIF画像の埋め込みができます。
設定方法
画面右側の「GIFブロック修正」にて編集できます。

・画像の添付
・表示サイズ
・画像のスタイル（幅・ポジション・角丸）
・ブロックのスタイル（パディング・背景色）"
【スマホサイト】カルーセルブロック,"

最大20枚、横にスライドで表示される画像のブロックです。
設定方法
画面右側の「カルーセルブロック修正」にて編集できます。

・画像の添付　※アップロードサイズ　5MB以内、横315px ×縦210pxの縦横比
・ブロックのスタイル（パディング・背景色）"
【スマホサイト】画像＋テキストブロック,"

画像とテキストがセットになったブロックです。（リンク設定も可）


設定方法
画面右側の「背景画像＋テキストブロック修正」にて編集できます。

・画像の添付　※アップロードサイズ　5MB以内
・リンク
・テキスト
・写真のスタイル（幅・オーダー）
・テキストのスタイル（フォントサイズ・太さ・ポジション・パディング・色・背景色）
・ブロックのスタイル（パディング・幅・ポジション・チャイルドの方向・背景色）"
【スマホサイト】画像ブロック,"

画像を1枚貼ることができます。（リンク設定も可）
設定方法
画面右側の「画像ブロック修正」にて編集できます。

・画像の添付　※アップロードサイズ　5MB以内
・リンク（設定したいものがあれば）
・写真のスタイル（幅・ポジション・角丸）
・ブロックのスタイル（パディング・背景色）"
【スマホサイト】背景画像＋テキストブロック,"

画像の上にテキスト表示ができます。
設定方法
画面右側の「背景画像＋テキストブロック修正」にて編集できます。

・画像の添付　※アップロードサイズ　5MB以内
・テキスト
・説明文
・テキストのスタイル（文字サイズ・太さ・色）
・ブロックのスタイル（パディング・ブロック幅・ブロックポジション・ダイアログ色・背景色）"
【スマホサイト】リンクブロック,"

画面右側の「リンクブロック修正」にて編集できます。

・写真orタイトル
・リンク先URL
・リンク先の種類（電話・メール・URL）
・ブロックのスタイル（パディング・ブロック幅・ポジション・背景色）
URLリンクが設定できます。
設定方法"
【スマホサイト】見出し＋テキストブロック,"
設定方法
画面右側の「見出し＋テキストブロック修正」にて編集できます。

・タイトル
・説明文
・タイトルと説明文の文字スタイル（文字サイズ・太さ・ポジション・色）
・ブロックのスタイル（パディング・背景色）

見出し（タイトル）とテキスト（説明文）を設定できます。"
【スマホサイト】テキストエリアブロック,"
設定方法
画面右側の「テキストエリアブロック修正」にて編集できます。

・テキスト本文
・テキストのスタイル（文字サイズ・太さ・ポジション・色）
・ブロックのスタイル（パディング・背景色）

テキストを設定できます。"
【スマホサイト】フッター,"
スマホサイトに最大1つのみ、設置可能（各タブに1つではありません）
設定方法

フッターブロックは、ページ全体で最大１つまで設置が可能です。
クリック＆ドラッグでページへ貼り付け、ONをクリックしフッターを表示させます。

編集方法

編集マークをクリックすると画面右側に編集用フォームが出ます。
入力後「保存」を押すと入力内容が反映されます。

・タイトル/テキスト：文字数上限:255文字以内
フッター表示のON・OFF

フッターの表示・非表示が選択できます。

フッターブロックは設置後、削除ができません。

不要な場合OFFにしたり、レイアウト変更であれば別のページへ移してください。
他のタブへフッターを移したいとき

リピートマークにカーソルを合わせ、下に移動先ページ番号の候補が表示されます。

数字を選択すると、指定したタブ（ページ）へフッターが移動します。
フッターのリセット

クリックすると以下のような確認画面が表示されます。

「同意する」をクリックすると内容がリセットされます。
"
【スマホサイト】Step5. コンテンツ詳細,"別ページでご説明しております。
こちらをご参照ください。

https://tayori.com/faq/0907e81a5504cfabd50c758d690d70abbc4a280b/detail/5e2426dc6c5fdeb18048fa006c6648714a467cf9/"
【スマホサイト】Step1. URL設定,"別ページでご説明しております。
こちらをご参照ください。

https://tayori.com/faq/0907e81a5504cfabd50c758d690d70abbc4a280b/detail/92ae5a0f74b88a61d901a626eba72d98beac332b/"
【スマホサイト】Step2. 背景画像をアップロード,"別ページでご説明しております。
こちらをご参照ください。

https://tayori.com/faq/0907e81a5504cfabd50c758d690d70abbc4a280b/detail/aba45f81e3c6710a0b29f6c234fbb953869356d5/"
【スマホサイト】Step3. QR生成,"別ページでご説明しております。
こちらをご参照ください。

https://tayori.com/faq/0907e81a5504cfabd50c758d690d70abbc4a280b/detail/b8aa4a2781c890fd5c36a3c500779209b36ec277/"
【スマホサイト】Step4. コンテンツ種類を選択,"
コンテンツの種類を選択します。
「標準」と「スライド型」から選択できます。

**標準の**
https://tayori.com/faq/0907e81a5504cfabd50c758d690d70abbc4a280b/detail/514276fb2381fb2a4d82a175f926eaed441210f8/

**スライド型の**
https://tayori.com/faq/0907e81a5504cfabd50c758d690d70abbc4a280b/detail/09458796bf2a151e29608bbf8d2d63a0ad1bcc13/
設定方法
1.スマホサイトを選択します。"
【スマホサイト】Step6. テンプレートを選択,"設定方法
・標準テンプレート（ある程度サンプルブロックが配置されたもの）
・白紙のテンプレート　
2種類よりいずれか選択します。

詳細なカスタマイズは次ステップの「テンプレートを編集」にて行います。

"
【スマホサイト】Step7-1. テンプレート編集,"**全体設定**
https://tayori.com/faq/0907e81a5504cfabd50c758d690d70abbc4a280b/detail/adcb5b4055b324f9d102e8f5c46836c34d36be67/

**スライド設定**
https://tayori.com/faq/0907e81a5504cfabd50c758d690d70abbc4a280b/detail/5f7f1834700c479b011444ae1e332b4a68b2b910/

**アプリブロック**
https://tayori.com/faq/0907e81a5504cfabd50c758d690d70abbc4a280b/detail/f629d3eb231476e6530733c5baeca71db53fe21b/



テンプレートを編集しスマホサイトのデザインを設定できます。
設定方法
各機能ごとに別ページでご説明しております。
こちらをご参照ください。"
【スマホサイト】Step8. プレビュー,"
設定した内容が確認できる画面です。
設定方法

1.設定内容を確認してください。
2.修正があれば「戻る」で前の画面に戻ります。
3.コンテンツを完成させるには「完了」をクリックします。
はみ出てしまう場合、タグの編集が必要になります。

HTMLタグ内の
width=“500” height=455 のwidthの数値を
width=100% height=455　（heightはそのまま）と変更いただくとはみ出ずに表示されます。
"
【よくある質問】スマホサイトでHTMLブロックを使ってfacebookを埋め込んだら、そのブロックだけ表示がはみでてしまいました。,"はみ出てしまう場合、タグの編集が必要になります。

HTMLタグ内の
width=“500” height=455 のwidthの数値を
width=100% height=455　（heightはそのまま）と変更いただくとはみ出ずに表示されます。
"
【スマホサイト|よくある質問】カルーセルは何枚まで画像表示できますか？,"カルーセルブロックは20枚まで

カルーセルブロック（４分割）は4枚まで

カルーセルブロック（スライダー）は2枚以上10枚以下

種類ごとに最大枚数が異なります。
"
【スマホサイト|よくある質問】スマホサイトは、何ブロックまで追加できますか？,ヘッダー、フッター込みで40ブロックまで追加可能です。
【スマホサイト|よくある質問】スマホサイトコンテンツは、 複数ページを構築することは可能でしょうか,"キュリアのスマホサイトコンテンツは、 1ページ構成です。

カテゴリ画像を設けていただき外部リンクを貼ることで、
複数ページ構成のような見せ方は可能ですが、
その場合、外部リンクとして複数サイトを行き来するイメージです。


［構築イメージ］
Aのメインサイトを構築、リンク先のBサイトを構築、リンク先のCサイトを構築。

Aのメインサイトに、リンク先のB,Cを外部リンクする。"
【ガチャ|くじ/スクラッチ/福引/ルーレット/スロット】Step5-2. 抽選期間・クーポン利用可能期間,"抽選期間：コンテンツの抽選期間を設定できます。

クーポン利用可能期間：抽選後に取得したクーポンの利用可能期間を設定できます。



注意事項
クーポン利用可能期間の終了時間は抽選期間の終了以降を指定してください。
抽選期間中にクーポンの利用を終了することはできません。

クーポン利用可能期間の開始時間は抽選期間の開始以降を指定してください。
クッキー日数の設定期間は、抽選期間やクーポン利用可能期間を考慮して
設定してください。

クーポン利用可能期間中にクッキー情報が削除されますと
取得済のクーポンも削除されます。
"
【ガチャ|くじ/スクラッチ/福引/ルーレット/スロット|クーポン】Step5-3. タイマー,"ガチャなどのキャンペーンに参加しクーポンを取得した場合、

そのクーポンの利用期限を指定できる機能です。
使用例
その場でクーポンを利用して欲しいため

クーポン取得後、30分以内に利用できるクーポンを発行する。などの

運用が可能です。
設定方法
コンテンツ詳細の「タイマー」の項目を設定します。

※最短00:01時間(1分)、最大23:59時間の間で設定する

タイマー利用時のコンテンツ画面


※注意点
・クッキー日数が「0」の場合タイマーが利用できないため、1日以上を設定します

・クーポン利用可能期間とタイマーは併用できません

・クッキー情報が保存されない環境（プライベートブラウザやQRコードリーダーアプリなどのアプリ内ブラウザなど）ではクーポンの有効期限の管理ができず、タイマー機能が利用できません。

必ず、推奨ブラウザでクッキー情報が保存できる状態で抽選に参加していただくようにしてください。

（クッキー情報が保存されない環境でクーポンにアクセスした場合のイメージ）

※残りのご利用可能時間が表示されません


"
【ガチャ|くじ/スクラッチ/福引/ルーレット/スロット|あたり設定】Step9-2. 二段階抽選,"対象プラン
ビジネス、ベーシック

2段階に分けて抽選結果を設定できます。

1段階目に設定した抽選数（くじの総数）に達成したら、

自動的に2段階目に設定した抽選数に切り替わりキャンペーンが運用できます。


対象コンテンツ種類
ガチャ,福引,ルーレット,スロット,くじ,スクラッチ
設定方法
1.あたり設定の画面内にある「二段階抽選」にチェックを入れて
1段階目と2段階目のそれぞれのくじ枚数を設定します。

使用例
使用例?　

（1段階目で1等?3等を優先的に表示させる場合）

合計で55枚のくじを発行する。

1段階目で15枚のくじを発行し1等から4等までのくじとする。

2段階目で40枚のくじを発行し4等のみ40枚を発行する。

使用例?　

（1段階目で規定枚数のクーポンを発行し、2段階目では参加賞などの特典を用意する場合）

合計で100枚のくじを発行する。

1段階目で60枚のくじを発行し1等から3等までのくじとする。

※4等は1段階目では使用しないため0枚に設定

2段階目で40枚のくじを発行し4等のみ40枚を発行する。

検索キーワード：２段階抽選"
【ガチャ|くじ/スクラッチ/福引/ルーレット/スロット】Step7-2.?ブロック追加,"
・抽選画面内にブロックを追加することができます。
・画像や各種SNSの共有メニューなど追加できます。

※追加できるブロック数は3つまでです。
※初期で設置されているブロック（ヘッダー、ガチャの画面、フッター）は削除できません。
設定方法
1.画面左側にある+ボタンをクリックするとブロックが追加できます。



・背景画像+テキスト
https://tayori.com/faq/0907e81a5504cfabd50c758d690d70abbc4a280b/detail/7cf6e6015fd37dd23bdd6b289ded5a2e61341939/

・地図（住所）
https://tayori.com/faq/0907e81a5504cfabd50c758d690d70abbc4a280b/detail/df78d38bdaa518c187b0d24738b8087abad13baa/

・テキストエリア
https://tayori.com/faq/0907e81a5504cfabd50c758d690d70abbc4a280b/detail/b2b908d2251566f3316bde7058a3620570c58f6d/

・見出し+テキスト
https://tayori.com/faq/0907e81a5504cfabd50c758d690d70abbc4a280b/detail/1e2b0b3428793711a1295a15fa62d6c8ffa37350/

・画像
https://tayori.com/faq/0907e81a5504cfabd50c758d690d70abbc4a280b/detail/ff127a8f22ab18da80246e2753194fb81e20cd3d/

・カルーセル
https://tayori.com/faq/0907e81a5504cfabd50c758d690d70abbc4a280b/detail/71d3b979cee9adff282c427bb462eb1b952dbba4/

・画像+テキスト
https://tayori.com/faq/0907e81a5504cfabd50c758d690d70abbc4a280b/detail/f630125585516542ce8a32fcbc0bb0949d85f02d/

・リンク
https://tayori.com/faq/0907e81a5504cfabd50c758d690d70abbc4a280b/detail/cb6ccc3d2f2148899aba59cd7233124f7dc7dc98/

・キュリアコンテンツ
https://tayori.com/faq/0907e81a5504cfabd50c758d690d70abbc4a280b/detail/585b3a9071608b28ffc50a465fa4432f5896f74d/

・地図（iframe）
https://tayori.com/faq/0907e81a5504cfabd50c758d690d70abbc4a280b/detail/dd69ca6c7ca064ab1c7d6ef33f4cf89cd4915b8e/

・Youtube（iframe）
https://tayori.com/faq/0907e81a5504cfabd50c758d690d70abbc4a280b/detail/5d82318cc52bf7f88b09ecf17e7e62d839fc9ff1/

・HTML
https://tayori.com/faq/0907e81a5504cfabd50c758d690d70abbc4a280b/detail/859cc60fec258a7f043e89d8a5a06fba5e7cb60b/

・GIF
https://tayori.com/faq/0907e81a5504cfabd50c758d690d70abbc4a280b/detail/45a6726534b008c6e15be941ef4531d3859410b1/

・LINE友達追加（iframe）
https://tayori.com/faq/0907e81a5504cfabd50c758d690d70abbc4a280b/detail/678e528764a2a7141a8481b6688df6ec071810d7/

・SNSブロック
https://tayori.com/faq/0907e81a5504cfabd50c758d690d70abbc4a280b/detail/678e528764a2a7141a8481b6688df6ec071810d7/
設定できるブロック種類
別ページでご説明しております。
こちらをご参照ください。"
【ガチャ|くじ/スクラッチ/福引/ルーレット/スロット】Step7-1. テンプレートを編集,"素材の変更方法
編集アイコンをクリックすると、画像を編集メニューに遷移します。

各場面の画像を変更する場合は、

変更する箇所の「＋画像を選択／＋動画を選択」ボタンをクリックし、

対象ファイルをアップロードください。

アップロード素材のファイル形式について
ご用意される素材サイズや、利用者の通信環境にもよりますが、
一般的に、GIF形式と比較した際、動画ファイル形式がパフォーマンスが良いと言われております。
※アップロード容量上限：10MB/ファイル

※BGMに関しては、ブラウザの自動再生に関するポリシーにより非対応となります。
（音付き動画の場合ミュートになります。一部Androidでは例外あり）


上部にある、「動画／画像」選択にて、ファイル形式を変更選択できます。
動画素材（MP4）か、画像素材（GIF）のどちらかの選択ができます。

※初期設定は動画です。

クーポン画像へのリンク設定
クーポン画像をクリックした際に指定のURLへリンクすることが可能です。


等級の増減方法
※ルーレットに関しては等級を決定後、コンテンツ編集を行っていただきます。

■等級数を増やす。
等級数が10個未満の場合に、等級数を増やせます。

■等級数を減らす。

画像を編集メニューへ遷移後、


コンテンツ内で表示させる素材の編集や等級の編集ができる画面です。
1.テンプレート編集画面にて、メインコンテンツの「編集」アイコンをクリックします。
2.素材をアップロードします。
1.クーポン画像の下にある「リンク」欄にURLを入力ください。
1.最下部にある「〇等を追加する」ボタンをクリックします
1.最下部にある等級の右端に表示されている「:heavy_multiplication_x:」ボタンをクリックします。
設定方法"
【ガチャ|くじ/スクラッチ/福引/ルーレット/スロット】Step8. キャンペーン高度設定,"別ページでご説明しております。
こちらをご参照ください。
https://tayori.com/faq/0907e81a5504cfabd50c758d690d70abbc4a280b/detail/128dcc58dfbfef556a3bab4461299086991a0e0c/

クーポン獲得後画面の文言変更（非公開可）と、もぎりボタンの画像変更ができます。

もぎりボタンを変更する
1.「＋画像を選択」をクリック

任意の画像をアップロードください。

※対応ファイル形式：PNGまたはJPEG

※推奨サイズ：横238 px、縦46 px
文言のテキストを変更する（上段テキスト）

テキストの変更方法
1.入力欄をクリックし、任意のテキストを入力します。



注意事項（下段テキスト）

テキストの変更方法
1.入力欄をクリックし、任意のテキストを入力します。



テキスト類（上段、下段）を非公開にする
1.テキスト項目の右側にあるトグルスイッチ「公開中」をクリックし、「非公開」を選択します。



クーポンURLの保存ボタンを追加

ONにした場合、このような表示になります。

保存ボタンの色などのデザインは変更できません。

（イメージ）



クーポン利用店舗選択機能
設定方法"
【ガチャ|くじ/スクラッチ/福引/ルーレット/スロット】Step9-1. あたり設定,"
クーポン等の発行総数と、等級ごとの当たり枚数（確率）を設定することができます。
1.くじの総数（発行総数）を入力

入力欄をクリックし、枚数を入力ください。


2.等級ごとの当たり枚数を入力

入力欄をクリックし、枚数を入力ください。

※当たり枚数=発行総数×確率%

もぎり機能

クーポンを使用した際に、そのクーポンを「利用済」とする事ができます。

もぎり機能をONにすると、「クーポンを利用する」ボタンが出現し、

クリックすると、「クーポン利用済」と表示が変更されます。
設定方法
※デフォルトでONになっております。
1.チェックを入れたり、外したりしてON、OFFを切り替えます。



その他機能は別ページでご説明しております。
こちらをご参照ください。
二段階抽選
https://tayori.com/faq/0907e81a5504cfabd50c758d690d70abbc4a280b/detail/4926b4ddf51506570a3162de52b4edb45be31fe1/
枚数リセット
https://tayori.com/faq/0907e81a5504cfabd50c758d690d70abbc4a280b/detail/6681edb350791811a1ee7e2eb99681b4719bf441/
設定方法"
【ガチャ|くじ/スクラッチ/福引/ルーレット/スロット】Step9-3. 枚数リセット,"
対象プラン

コンテンツ（クーポン、ガチャ、くじ、スクラッチ）を公開後、
テスト等でコンテンツ確認し、くじ枚数を減らした場合に、
「枚数リセット」ボタンを押すと、使用されたくじ枚数をリセットする事ができます。

**※リセット実行後はリセット前の状態に戻す事はできません。**
**※クッキー情報もリセットされ、景品獲得履歴も消えます。
 （既に抽選済みの端末も、未抽選端末になります。）**
**※リセット後は、リセット前のCSVデータが取得できなくなります。
　必要な場合、リセット前にCSVデータのダウンロードをお願いします。**
枚数をリセットする方法
1.あたり設定画面を展開

管理画面TOPのコンテンツ一覧より、コンテンツの「編集」ボタンをクリックし
あたり設定画面まで進みます。

2.「枚数リセット」ボタンをクリック
あたり設定画面の、右上にある「枚数リセット」ボタンをクリックします。



3.アラートを確認（枚数リセットの実行）

アラートを確認し、枚数リセットを実行します。
実行する場合は、「OK」をクリック。
キャンセルする場合は、「キャンセル」をクリック。
4.完了
完了アラートです。「OK」をクリック。

使用されたチケット数がゼロになっていることをご確認ください。

くじ枚数を変更する方法
コンテンツの公開期間中であっても、くじ枚数を変更できます。

枚数リセットを実行すると、くじの総数、各等級ごとの枚数が変更できるようになります。

1.枚数リセットを実行してください。

2.変更箇所をクリックし、くじの枚数を再設定（変更）ください。



設定方法
二次利用可能な印刷会社様向けのクリエイティブプランのみ
"
【クーポン|ガチャ|くじ/スクラッチ/福引/ルーレット/スロット】Step1. URL設定,"
コンテンツごとにURLを設定します。
1.短縮URLを利用する
短縮URLを利用すると、ドット数を削減できる場合があります。
アクセス時は、短縮URLから設定したURLへリダイレクトされます。
2.LINEアプリでURLやQRコードの読み込みを行った場合、外部ブラウザで開くようにする
**※対象プラン：ビジネス、ベーシック**

LINEアプリ内での表示は非推奨です。外部ブラウザで開いてください。
制限文字数の関係上短縮URLのチェックは必須となります。
3.デザインソフトで背景設定可能なQRコード（ドットレスを含む）またはバリアブル機能を利用する
**対応コンテンツ：ギフトのみ**

QRコードの背景画像をデザインソフトなどで別途設定される場合、
もしくはバリアブル機能を利用する場合はチェックを入れてください。

※URLは英数字とハイフン、アンダースコアのみ使用できます

設定方法"
【ガチャ|くじ/スクラッチ/福引/ルーレット/スロット】Step2. 背景画像をアップロード,"
1.画像ファイルを画像アップロード欄にドラッグ＆ドロップ
もしくは、「パソコンからファイルを選択」をクリックし、任意の画像ファイルを選択します。

※対応ファイル：jpeg、png
※画像サイズ：横124px以上、縦124px以上
※最大アップロードサイズ：20MB
設定方法"
【ガチャ|くじ/スクラッチ/福引/ルーレット/スロット|SNS】Step3. QR生成,"別ページでご説明しております。
こちらをご参照ください。

https://tayori.com/faq/0907e81a5504cfabd50c758d690d70abbc4a280b/detail/b8aa4a2781c890fd5c36a3c500779209b36ec277/"
【ガチャ|くじ/スクラッチ/福引/ルーレット/スロット】Step4. コンテンツ種類を選択,"

設定方法
1.キャンペーンを選択します。
2.ガチャなどから利用する種類を選択します。

コンテンツの種類を選択します。

■選択できる種類
ガチャ、くじ、スクラッチ、福引、ルーレット、スロット、（クーポン）

クーポンコンテンツの作成方法は別ページでご説明しております。
こちらをご参照ください。
https://tayori.com/faq/0907e81a5504cfabd50c758d690d70abbc4a280b/category/954174943dcc5202ad32dfbb40dcfba4731bf802/"
【ガチャ|くじ/スクラッチ/福引/ルーレット/スロット】Step6. 種類を選択,"1.1~N等ガチャを選択します

等級の設定は別ページで行います。

1?10等まで設定できます。"
【ガチャ|くじ/スクラッチ/福引/ルーレット/スロット|クーポン】Step8-2.?クーポン利用店舗選択機能,"
ONにした場合、クーポンをどの店舗で利用するか選択できるようになります。

（イメージ）


設定方法
1.ラジオボタンをONにし、選択肢を入力します。
選択肢を複数設定する場合は、1店舗ごと改行して入力してください。
"
【ガチャ|くじ/スクラッチ/福引/ルーレット/スロット】Step10. プレビュー,"

設定した内容が確認できる画面です。
設定方法
1.設定内容を確認してください。
2.修正があれば「戻る」で前の画面に戻ります。
3.コンテンツを完成させるには「完了」をクリックします。"
【|ガチャ|くじ/スクラッチ/福引/ルーレット/スロット】,"ガチャなどの抽選コンテンツが作成できます。
最大10等まで等級の設定が可能です。

ガチャ素材、クーポン素材などが編集でき、抽選画面にブロック追加でメニューを追加することも可能です。
各等級ごとにクーポンを設定でき、その画像にリンクを設定することも可能です。

対象プラン
全プラン

コンテンツ種類
ガチャ、くじ、スクラッチ、福引、ルーレット、スロット"
【クーポン|ガチャ】クーポンコード一覧（コンテンツログ）,"
ガチャなどの抽選後に発行されたクーポンの利用状況が確認できる機能です。
■確認できる項目
・クーポンの発行状況
・クーポンの利用状況

画面の見方
1.コンテンツ一覧の画面で「クーポン一覧」をクリックします。


2.集計期間を選択します。
3.二段階抽選が設定されている場合、段階ごとにタブが分かれていますので、確認したい段階を選択します。

4.CSVダウンロード
選択している段階のタブの情報をCSV形式でダウンロードできます。
各種項目
■コード
キュリアシステム上、自動で割り振られたクーポンコードが表示されています。

■タイトル
コンテンツ名が表示されます。

■作成時刻
クーポンを獲得した時刻が表示されます。

■もぎり利用時刻
クーポンが利用された（もぎられた）時刻が表示されます。

■経由
なにを経由してクーポンに遷移したのかが表示されます。

■利用店舗
 「クーポン利用店舗選択機能」がONの場合、選択された店舗名が表示されます。

■結果
クーポンを取得したコンテンツでの結果が表示されます。
例：ガチャで当たりを出した際に取得したクーポンであれば「当たり」と表示されます

■ステータス
クーポンの利用状況「もぎり前」「もぎり済み」かが表示されます。
"
【ガチャ|くじ/スクラッチ/福引/ルーレット/スロット|あたり設定】Step5-1. コンテンツ詳細,"
管理画面TOPのコンテンツ一覧に表示されるコンテンツ名です。
管理しやすいコンテンツ名を設定ください。
文字数上限:255文字以内

2.メモを設定します
管理画面内でのみ表示されます。コンテンツ管理の際に設定しておくと便利です。
文字数上限:255文字以内
［表示イメージ］

3.使用目的を設定します
クリックすると、プルダウンにて選択肢が表示されます。
想定している媒体を選択ください。
該当する選択肢がない場合は、「その他」を選択ください。

4.SEOタイトルを設定します。
titleタグに表示したい文言が設定できます。
5.コンテンツ公開期間(抽選期間）を設定します。
コンテンツの公開期間を設定できます。
クーポンの利用期限を設定したい場合も、当項目です。

※指定がない場合、「常に公開」になります。
クーポンのタイマー機能は別ページでご説明しております。
こちらをご参照ください。
https://tayori.com/faq/0907e81a5504cfabd50c758d690d70abbc4a280b/detail/ddfc6de16e1248c24085d7e472f8ec51d8097fbb/

［公開期間を過ぎた場合のイメージ］

6.クッキー日数を設定します。

1ユーザーが2回目のキャンペーン実行を行うまでにかかる日数を設定できます。

［設定イメージ］

クッキー日数：3日に設定した場合、
実行時間から3日間は、一度当選した等級のクーポン結果のみが表示されます。
実行時間から4日目に、再度コンテンツ（クジ）を実行することができます。

※抽選期間中に、クッキー日数が過ぎ、コンテンツURL（抽選結果ページ）にアクセスした場合、
新規抽選ユーザーとしての扱いとなり、再度抽選となります。

 
7.オープニング動画を設定します。
※ビジネス・ベーシックプランのみ
コンテンツにアクセスした際に最初に流れる動画が設定できます。
別ページでご説明しております。
こちらをご参照ください。
https://tayori.com/faq/0907e81a5504cfabd50c758d690d70abbc4a280b/detail/aa154ac797e2be42be807d6b1c4678367de66efe/
8.ホームに追加を設定します。

コンテンツを「ホーム画面に追加」にてブックマークする際に、アイコンとして表示される画像の設定ができます。

「＋画像を選択」ボタンをクリックし、任意の画像ファイルを選択しアップロードください。

※対応ファイル：PNGまたはJPEG

※ホーム画面に追加したアイコンからアクセスした際、推奨ブラウザで開かない場合がございます。クッキーを設定している抽選系コンテンツでのご利用の際はご注意ください。

［表示イメージ］

9.SNS連携時文言を設定します。
SNS連携時文言を入力すると、SNSに投稿する際に指定の文言を表示することができます。

［イメージ］
SNS連携時文言：QLEAR（キュリア）というサービスです。

10.SEOキーワードを設定します。
キーワードに設定したい文言を設定してください。
複数入力する場合はコンマ（,）で区切ってください。
11.SEOディスクリプションを設定します。
サイトの説明を設定してください。
検索結果のタイトル下部に表示されます。
12.OGP設定します。
FacebookのユーザーIDを設定してください。
SNSでシェアした際に、設定したWEBページのタイトルやイメージ画像、
詳細などを正しく伝えるための設定です。
13.iOSアプリURLを設定します。
App Storeに公開されているアプリURLを設定してください。
14.AndroidアプリURLを設定します。
GooglePlayに公開されているアプリURLを設定してください。

コンテンツ名や公開期間（抽選期間）などの設定ができます。
設定方法
1.コンテンツ名を設定します"
【ビジネス/ベーシックプラン】Step5-4. オープニング動画,"・キャンペーン（ガチャ、くじ、スクラッチ、福引、ルーレット、スロット）
・クーポン
・フォーム
・スマホサイト
・ギフト　※【QRコード種別により対象外の場合あり】

対象外コンテンツ
・スタンプラリー
・外部リンク
・ギフト　※【デザインソフトで背景設定可能なQRコード(ドットレスを含む)またはバリアブル機能を利用するを選択した場合】


コンテンツアクセス後に設定した動画を再生させることができます。
動画再生時に、任意で設定した秒数後に「動画をスキップ」ボタンから
動画をスキップさせることが可能です。



1.コンテンツ詳細内の「オープニング動画」をONに選択します。
2.動画を選択から動画データ（.mp4）をアップロードします。
3.アップロード完了後「閉じるボタンを表示するまでの秒数」を設定します。
4.ループ再生 のON/OFFを設定します。
5.動画用CookieのON/OFFを設定します。
※CookieをOffにするとコンテンツが表示される前に設定した動画が毎回流れます。

（イメージ）設定画面



プランごとに1アカウント内で動画をアップロードできる上限を設けております。
■ビジネス：1GB
■ベーシック：500MB
残りのアップロード容量は動画設定画面でご確認ください。


・動画データはMP4形式のものをご用意ください。
・動画データは30MB以上のものはアップロードできません。
・アップロードする動画はプログレッシブ方式のものをご用意ください。
・音声付きの動画データであっても再生時には消音になります。

動画が自動再生になる仕様のため各ブラウザのポリシーにより音声を流すことが難しいためです。
ポリシーに沿ってお客さまのご要望にお応えできるよう、機能改修を行なってまいります。



対象プラン
ビジネス・ベーシックプランのみ
対応コンテンツ種類
設定方法
動画データのアップロード上限
注意事項"
【ガチャ|よくある質問】抽選コンテンツの等数の追加方法を知りたい,"ガチャの種類の「テンプレートを編集」画面にて、
?メインコンテンツの「編集アイコン」をクリック

?「◯等を追加する」をクリック。 すると、等級を追加することができます。

※最大10等まで追加可能です。"
【クーポン|ガチャ|くじ/スクラッチ/福引/ルーレット/スロット|よくある質問】公開期間や抽選期間、クーポン利用可能期間の設定について詳しく教えてください。,"【例】
10月1日から、10月31日までの1ヶ月間を設定する場合は、

開始　10/1 0:00
終了　11/1　0:00

となります。

上記設定の場合、10月31日の23時59分59秒にコンテンツは終了となります。
"
【クーポン|ガチャ|くじ/スクラッチ/福引/ルーレット/スロット|よくある質問|もぎりボタン】引換券のもぎりボタンをONにしていますが実際の画面に表示されません,"クーポン（引換券）の利用可能期間を今一度ご確認ください。

現在より未来の日時になっている場合、
クーポンを利用させない為に「もぎりボタン」は非表示になります。

クーポン利用可能期間になりましたら表示されますのでご確認ください。"
【クーポン|ガチャ|くじ/スクラッチ/福引/ルーレット/スロット|枚数リセット|よくある質問】本番運用前にテストで利用したクーポン枚数をリセットする方法,"詳細は「枚数リセットについて」をご確認ください。

https://tayori.com/faq/0907e81a5504cfabd50c758d690d70abbc4a280b/detail/6681edb350791811a1ee7e2eb99681b4719bf441/"
【クーポン】クーポンコード一覧,"1.「クーポンコード一覧」をクリックします。
TOPページのコンテンツ一覧より、指定のコンテンツの操作列にある
「クーポンコード一覧」をクリックし、クーポンコード一覧を展開します。


2.クーポンコード一覧を確認します。

■コード
キュリアのシステム上、自動で割り振られたクーポンコードが表示されています。

■タイトル
コンテンツ名が表示されます。

■作成時刻
クーポンを獲得した時刻が表示されます。

■もぎり利用時刻
クーポンが利用された（もぎられた）時刻が表示されます。

■経由
なにを経由してクーポンに遷移したのかが表示されます。

■利用店舗
 「クーポン利用店舗選択機能」がONの場合、選択された店舗名が表示されます。

■結果
クーポンを取得したコンテンツでの結果が表示されます。
例：ガチャで当たりを出した際に取得したクーポンであれば「当たり」と表示されます

■ステータス
クーポンの利用状況「もぎり前」「もぎり済み」かが表示されます。


1.クーポンコード一覧を展開します。
2.開始日と終了日を指定します。
集計期間の指定欄をクリックし、集計期間を指定ください。

3.「集計する」ボタンをクリックします。

1.クーポンコード一覧を展開します。
2.「CSVをダウンロード」をクリックします。

※集計期間を指定しダウンロードすることも可能です。

1.クーポンコード一覧の展開方法
2.各項目について
3.集計期間の指定
4.CSV形式でのダウンロード"
【クーポン】,
【クーポン】Step1. URL設定,"別ページでご説明しております。
こちらをご参照ください。

https://tayori.com/faq/0907e81a5504cfabd50c758d690d70abbc4a280b/detail/92ae5a0f74b88a61d901a626eba72d98beac332b/"
【クーポン】Step2. 背景画像をアップロード,"別ページでご説明しております。
こちらをご参照ください。

https://tayori.com/faq/0907e81a5504cfabd50c758d690d70abbc4a280b/detail/aba45f81e3c6710a0b29f6c234fbb953869356d5/"
【クーポン】Step3. QR生成,"別ページでご説明しております。
こちらをご参照ください。

https://tayori.com/faq/0907e81a5504cfabd50c758d690d70abbc4a280b/detail/b8aa4a2781c890fd5c36a3c500779209b36ec277/"
【クーポン】Step4. コンテンツ種類を選択,"
コンテンツの種類を選択からクーポンを選択します。
設定方法
1.キャンペーンを選択します。

2.クーポンを選択します。
"
【クーポン】Step5-1. コンテンツ詳細,"別ページでご説明しております。
こちらをご参照ください。

https://tayori.com/faq/0907e81a5504cfabd50c758d690d70abbc4a280b/detail/5e2426dc6c5fdeb18048fa006c6648714a467cf9/"
【クーポン】Step5-2. オープニング動画,"別ページでご説明しております。
こちらをご参照ください。

https://tayori.com/faq/0907e81a5504cfabd50c758d690d70abbc4a280b/detail/aa154ac797e2be42be807d6b1c4678367de66efe/"
【クーポン】Step6. テンプレートを編集,"
クーポン表示画面、利用画面の表示内容が編集できます。
各種画像やテキストが編集できます。
その他箇所の編集は次のステップ「キャンペーン高度設定」で行いますので併せてご活用ください。
設定方法
1.ヘッダーの編集

別ページでご説明しております。
こちらをご参照ください。

（ヘッダーの画像変更）
https://tayori.com/faq/0907e81a5504cfabd50c758d690d70abbc4a280b/detail/c877653943de20ecd55ef9c3867d20d98e0e9499/

（ヘッダーの背景色変更）
https://tayori.com/faq/0907e81a5504cfabd50c758d690d70abbc4a280b/detail/6f594c1954e97d8279f0b4ef12202524149c5ebf/

2.クーポンのデザイン編集
テンプレート編集画面にて、メインコンテンツの「編集」アイコンをクリックします。
編集アイコンをクリックすると、画像を編集メニューに遷移します。

クーポンの背景画像、その他テキストなどを編集します。

3.フッターの編集

別ページでご説明しております。
こちらをご参照ください。
https://tayori.com/faq/0907e81a5504cfabd50c758d690d70abbc4a280b/detail/072ad2991c5ff2fdb593ec871ba4051dd9698994/"
【クーポン】Step7.?キャンペーンの高度設定,"別ページでご説明しております。
こちらをご参照ください。

https://tayori.com/faq/0907e81a5504cfabd50c758d690d70abbc4a280b/detail/551a6bf7f2b49ce32586e0a4981e6f2db4225fa6/"
【クーポン】Step8-1. 発行枚数,"
クーポンの発行枚数を設定します。
もぎり機能のON,OFFの切り替え、枚数リセットを行うことができます。
設定方法

1.発行枚数の設定
任意の値を入力します。
※プランによって発行可能枚数に制限があります。

2.引換券のもぎり機能をOFF
もぎり機能を使用しない場合はチェックを入れてください。

3.枚数リセット
別ページでご説明しております。
こちらをご参照ください。
"
【クーポン】Step8-2. 枚数リセット,"
コンテンツを公開後、テスト等でコンテンツ確認し、クーポン枚数を減らした場合に、「枚数リセット」ボタンを押すと、使用されたクーポン枚数をリセットする事ができます。

**※リセット実行後はリセット前の状態に戻す事はできません。**
**※クッキー情報もリセットされ、クーポンの獲得履歴も消えます。
 （既にクーポン取得済みの端末も、未取得端末になります。）**
**※リセット後は、リセット前のCSVデータが取得できなくなります。
　必要な場合、リセット前にCSVデータのダウンロードをお願いします。**
設定方法
枚数をリセットする方法
1.「枚数リセット」ボタンをクリック
発行枚数設定画面の、右上にある「枚数リセット」ボタンをクリックします。

2.アラートを確認（枚数リセットの実行）

アラートを確認し、枚数リセットを実行します。
実行する場合は、「OK」をクリック。
キャンセルする場合は、「キャンセル」をクリック。

3.完了
完了アラートです。「OK」をクリック。
クーポン枚数を変更する方法
コンテンツの公開期間中であっても、クーポン枚数を変更できます。

枚数リセットを実行すると、クーポン枚数が変更できるようになります。

1.枚数リセットを実行してください。
2.変更箇所をクリックし、クーポン枚数を再設定（変更）してください。

"
【クーポン】Step9.? プレビュー,"別ページでご説明しております。
こちらをご参照ください。

https://tayori.com/faq/0907e81a5504cfabd50c758d690d70abbc4a280b/detail/7ceefc63910dad5ee4ee4db71844e81db58842b7/"
【クーポン|よくある質問】もぎりボタン（クーポンを利用する／引換券を利用する）のデザインを変更できますか？,"はい。できます。

キャンペーン高度設定にて、画像を差し替えてご利用ください。"
【クーポン|よくある質問】クーポン獲得後画面に表示されている文言を変更、または非公開にすることは可能ですか？,"可能です。

「キャンペーン高度設定」にて、文言を変更または非公開に設定ください。"
【ガチャ|くじ/スクラッチ/福引/ルーレット/スロット】Step5. コンテンツ詳細,"
指定のURLへのリダイレクト設定などを行います。
コンテンツ名の設定（必須）
管理画面TOPのコンテンツ一覧に表示されるコンテンツ名です。
管理しやすいコンテンツ名を設定ください。
［表示イメージ］

使用目的を設定（必須）
クリックすると、プルダウンにて選択肢が表示されます。
ご利用想定している媒体を選択ください。
該当する選択肢がない場合は、「その他」を選択ください。

リダイレクト先URLの設定（必須）
URL入力欄をクリックし、自動的に遷移させたいページのURLを入力します。

公開期間の設定
コンテンツの公開期間を設定できます。

※指定がない場合、「常に公開」になります。

［公開期間を過ぎた場合のイメージ］

クッキー日数の設定
こちらの項目は今後設定画面より削除予定です。

設定方法"
【外部リンク】,"キュリアで作成したQRを読み込んだ後に、
指定の外部リンクに自動的に遷移させることができます。（リダイレクト機能）

遷移先をキュリアで作成したコンテンツにも設定できますが、
別途作成された会社やサービス、キャンペーンのスマホ用サイトに設定するなどしご活用ください。
外部リンクコンテンツに関しては、キュリアではログは取得できません。
注意事項"
【外部リンク】Step1. URL設定,"別ページでご説明しております。
こちらをご参照ください。

https://tayori.com/faq/0907e81a5504cfabd50c758d690d70abbc4a280b/detail/92ae5a0f74b88a61d901a626eba72d98beac332b/"